,Catania,Milan,Rome
Catania,0.5,0.5,0.5
Milan,0.5,0.5,0.4984848484848484
Rome,0.5904761904761904,0.6135416666666667,0.6285631035631034
