,Catania,Milan,Rome
Catania,0.0,0.0,0.0
Milan,0.0,0.0,-0.00960346885066768
Rome,0.16349119751255742,0.3283676854101253,0.4147089084693122
