,Catania,Milan,Rome
Catania,0.6083333333333334,0.5125,0.5082797270955166
Milan,0.48571428571428565,0.5927083333333333,0.4843476747424115
Rome,0.6547619047619049,0.56375,0.6020029239766082
