,Catania,Milan,Rome
Catania,0.0,0.0,0.0
Milan,0.0,0.0,0.0
Rome,0.07817821097640076,-0.0010156948202566323,0.3043941635899786
