,Catania,Milan,Rome
Catania,0.5,0.5,0.5
Milan,0.5,0.5,0.5
Rome,0.5416666666666667,0.48604166666666665,0.6490142021720968
