Metric,Mean,Std,CI_Lower,CI_Upper,Mean [95% CI]
Precision (0),0.7857772961084015,0.027548623256933875,0.7704509293136794,0.8027379098551117,"0.786 [0.770, 0.803]"
Precision (1),0.7240143108525461,0.12935256352534666,0.6457525385154061,0.7986765109890109,"0.724 [0.646, 0.799]"
Recall (0),0.9105882352941176,0.05680938071401286,0.8746666666666668,0.9424705882352941,"0.911 [0.875, 0.942]"
Recall (1),0.4653985507246377,0.07332146392458137,0.4224637681159421,0.5101449275362319,"0.465 [0.422, 0.510]"
F1 (0),0.8431209535842829,0.0365660027460079,0.8208573924484523,0.8643792728175717,"0.843 [0.821, 0.864]"
F1 (1),0.561930555614766,0.08055368644692724,0.5163173070015176,0.6118374995874997,"0.562 [0.516, 0.612]"
MCC,0.43673859290355643,0.11934120782528453,0.36688561986819357,0.5092699609748528,"0.437 [0.367, 0.509]"
Balanced Acc,0.6879933930093777,0.050165608573145656,0.6596477728047742,0.7189412563938619,"0.688 [0.660, 0.719]"
AUROC,0.7680645780051151,0.04222061127569687,0.7433411231884058,0.7929899936061381,"0.768 [0.743, 0.793]"
