Metric,Mean,Std,CI_95,Mean±CI
Precision (0),0.7422663670457788,0.04236764085042726,0.03030587883246267,0.742 ± 0.030
Precision (1),0.7116642291642291,0.04370870312505118,0.031265150342175,0.712 ± 0.031
Recall (0),0.693879405721511,0.059284879599657954,0.042406901627760875,0.694 ± 0.042
Recall (1),0.7566342658447922,0.04443667934006576,0.031785876975103024,0.757 ± 0.032
F1 (0),0.7159449128066431,0.04097949825469517,0.029312930429766494,0.716 ± 0.029
F1 (1),0.7323841948889633,0.03208000944546486,0.02294706194831029,0.732 ± 0.023
MCC,0.45221228028466587,0.07100849700198696,0.05079288964459307,0.452 ± 0.051
Balanced Acc,0.7252568357831516,0.03560220241320108,0.025466511961626036,0.725 ± 0.025
AUROC,0.801908167057527,0.039058455956199715,0.02793879502921936,0.802 ± 0.028
