Metric,Mean,Std,CI_95,Mean±CI
Precision (0),0.8318257158183983,0.014491417654963134,0.010365815484330753,0.832 ± 0.010
Precision (1),0.8545113632497534,0.07998388245128708,0.057213047539657814,0.855 ± 0.057
Recall (0),0.9505098039215687,0.034006932272810854,0.024325403733523595,0.951 ± 0.024
Recall (1),0.5855072463768115,0.04393546511761773,0.03142735482967033,0.586 ± 0.031
F1 (0),0.8868715210587986,0.01642900917978107,0.01175178866573216,0.887 ± 0.012
F1 (1),0.6919953730480046,0.034859384558441835,0.024935168996828967,0.692 ± 0.025
MCC,0.6059104527200716,0.054441806274868956,0.03894261637581706,0.606 ± 0.039
Balanced Acc,0.76800852514919,0.021667182750059914,0.01549869197065569,0.768 ± 0.015
AUROC,0.8865788576300085,0.02665279053146305,0.019064933146622953,0.887 ± 0.019
