Metric,Mean,Std,CI_95,Mean±CI
Precision (0),0.7417575254203161,0.06848720382641578,0.04898939046582763,0.742 ± 0.049
Precision (1),0.7222714964375652,0.07061964385703404,0.050514740187648594,0.722 ± 0.051
Recall (0),0.7098862019914651,0.08661703216107552,0.06195778733038908,0.710 ± 0.062
Recall (1),0.7487513829619092,0.07620345058479218,0.054508877381001936,0.749 ± 0.055
F1 (0),0.7230950781438534,0.06380037698538868,0.04563686944974493,0.723 ± 0.046
F1 (1),0.7330554642790277,0.058580330440982646,0.0419029325370648,0.733 ± 0.042
MCC,0.46131819425076737,0.1214760664127136,0.08689270575023675,0.461 ± 0.087
Balanced Acc,0.7293187924766873,0.0602916156598969,0.04312702718692484,0.729 ± 0.043
AUROC,0.8222433671224568,0.03903273494583987,0.027920396605144587,0.822 ± 0.028
