Metric,Mean,Std,CI_95,Mean±CI
Precision (0),0.6960611054766735,0.06858692982908972,0.04906072519423867,0.696 ± 0.049
Precision (1),0.6851620220737867,0.06819442213327323,0.04877996161072412,0.685 ± 0.049
Recall (0),0.6759641220167537,0.13156523509978754,0.09410956082201627,0.676 ± 0.094
Recall (1),0.6916666666666667,0.12872947876952617,0.09208112388244985,0.692 ± 0.092
F1 (0),0.6767096267374139,0.08315305602119664,0.05947998023359264,0.677 ± 0.059
F1 (1),0.6806166578564381,0.07519713023064824,0.0537890491794036,0.681 ± 0.054
MCC,0.3742035853788252,0.11705720782154748,0.08373186435445447,0.374 ± 0.084
Balanced Acc,0.6838153943417101,0.06114873372581898,0.043740129916497464,0.684 ± 0.044
AUROC,0.7392440270996459,0.05752446100073942,0.041147661517092766,0.739 ± 0.041
