Metric,Mean,Std,CI_Lower,CI_Upper,Mean [95% CI]
Precision (0),0.6960611054766735,0.06858692982908972,0.6560733603786343,0.7365116421568627,"0.696 [0.656, 0.737]"
Precision (1),0.6851620220737867,0.06819442213327323,0.6444479967200556,0.725066165996313,"0.685 [0.644, 0.725]"
Recall (0),0.6759641220167537,0.13156523509978754,0.5889826339497392,0.7433895408566461,"0.676 [0.589, 0.743]"
Recall (1),0.6916666666666667,0.12872947876952617,0.6117177374743163,0.7656161095305831,"0.692 [0.612, 0.766]"
F1 (0),0.6767096267374139,0.08315305602119664,0.623447440676182,0.7206092434252181,"0.677 [0.623, 0.721]"
F1 (1),0.6806166578564381,0.07519713023064824,0.6358314198874144,0.7242715921860117,"0.681 [0.636, 0.724]"
MCC,0.3742035853788252,0.11705720782154748,0.30748627147120083,0.44361597508292805,"0.374 [0.307, 0.444]"
Balanced Acc,0.6838153943417101,0.06114873372581898,0.6485634977082346,0.7195303856488067,"0.684 [0.649, 0.720]"
AUROC,0.7392440270996459,0.05752446100073942,0.7071673455995113,0.7744763593607833,"0.739 [0.707, 0.774]"
