Metric,Mean,Std,CI_95,Mean±CI
Precision (0),0.7687833873542407,0.031579386712176895,0.02258896289933649,0.769 ± 0.023
Precision (1),0.9456709956709958,0.07252751202474646,0.05187945203750421,0.946 ± 0.052
Recall (0),0.9901176470588237,0.013927305577877415,0.009962302050187858,0.990 ± 0.010
Recall (1),0.35543478260869565,0.10662890202624237,0.07627242206508758,0.355 ± 0.076
F1 (0),0.8651710769889778,0.020988467977726608,0.015013202402691505,0.865 ± 0.015
F1 (1),0.5083354793530316,0.1162686624835541,0.08316781219135438,0.508 ± 0.083
MCC,0.49296364503206014,0.09833977286218971,0.07034314823652417,0.493 ± 0.070
Balanced Acc,0.6727762148337596,0.053534251117433214,0.03829343563119821,0.673 ± 0.038
AUROC,0.8702216538789429,0.03572840161557777,0.025556783160569675,0.870 ± 0.026
