Metric,Mean,Std,CI_95,Mean±CI
Precision (0),0.8486157102640643,0.028029536177749628,0.020049729229246017,0.849 ± 0.020
Precision (1),0.6560418318240109,0.09772876911198868,0.06990609285066626,0.656 ± 0.070
Recall (0),0.8234117647058824,0.07409102587011386,0.052997844758917785,0.823 ± 0.053
Recall (1),0.683695652173913,0.060604678225372965,0.04335096309616728,0.684 ± 0.043
F1 (0),0.8345038863282964,0.0448759863964422,0.03210011647849647,0.835 ± 0.032
F1 (1),0.6651532223499189,0.05754343137494055,0.041161231162473194,0.665 ± 0.041
MCC,0.5054065174831427,0.09900235850860488,0.07081710052448086,0.505 ± 0.071
Balanced Acc,0.7535537084398978,0.04436343466455012,0.031733484530852084,0.754 ± 0.032
AUROC,0.8286594202898551,0.04080023682431203,0.02918470343672469,0.829 ± 0.029
