Metric,Mean,Std,CI_Lower,CI_Upper,Mean [95% CI]
Precision (0),0.8318257158183983,0.014491417654963134,0.8233940876508121,0.8404654870192871,"0.832 [0.823, 0.840]"
Precision (1),0.8545113632497534,0.07998388245128708,0.8069196520713549,0.8992696953781512,"0.855 [0.807, 0.899]"
Recall (0),0.9505098039215687,0.034006932272810854,0.9288627450980392,0.9683529411764706,"0.951 [0.929, 0.968]"
Recall (1),0.5855072463768115,0.04393546511761773,0.5597826086956521,0.611231884057971,"0.586 [0.560, 0.611]"
F1 (0),0.8868715210587986,0.01642900917978107,0.877084136734873,0.896079239105031,"0.887 [0.877, 0.896]"
F1 (1),0.6919953730480046,0.034859384558441835,0.6731829573934838,0.713157894736842,"0.692 [0.673, 0.713]"
MCC,0.6059104527200716,0.054441806274868956,0.5743655917412368,0.6374074308328189,"0.606 [0.574, 0.637]"
Balanced Acc,0.76800852514919,0.021667182750059914,0.7560852141943734,0.7811074328644502,"0.768 [0.756, 0.781]"
AUROC,0.8865788576300085,0.02665279053146305,0.86968125,0.9004411764705882,"0.887 [0.870, 0.900]"
