Metric,Mean,Std,CI_Lower,CI_Upper,Mean [95% CI]
Precision (0),0.8486157102640643,0.028029536177749628,0.8318706418671072,0.8642589737269115,"0.849 [0.832, 0.864]"
Precision (1),0.6560418318240109,0.09772876911198868,0.6002458072772022,0.7152985348723487,"0.656 [0.600, 0.715]"
Recall (0),0.8234117647058824,0.07409102587011386,0.7799607843137255,0.8668235294117647,"0.823 [0.780, 0.867]"
Recall (1),0.683695652173913,0.060604678225372965,0.6496376811594202,0.7193885869565217,"0.684 [0.650, 0.719]"
F1 (0),0.8345038863282964,0.0448759863964422,0.8076059098514571,0.8599093036542176,"0.835 [0.808, 0.860]"
F1 (1),0.6651532223499189,0.05754343137494055,0.6310425812837213,0.6987278582930757,"0.665 [0.631, 0.699]"
MCC,0.5054065174831427,0.09900235850860488,0.44672801905956244,0.5624924470395063,"0.505 [0.447, 0.562]"
Balanced Acc,0.7535537084398978,0.04436343466455012,0.7271937020460356,0.7789100596760443,"0.754 [0.727, 0.779]"
AUROC,0.8286594202898551,0.04080023682431203,0.8056050085251492,0.853355701193521,"0.829 [0.806, 0.853]"
