Metric,Mean,Std,CI_95,Mean±CI
Precision (0),0.6798837672734923,0.07598899044173094,0.05435547249511387,0.680 ± 0.054
Precision (1),0.707940050790283,0.06637104973072529,0.047475690190628826,0.708 ± 0.047
Recall (0),0.7394104630946736,0.06453950458315966,0.0461655727471236,0.739 ± 0.046
Recall (1),0.6415955429113324,0.11468715096009882,0.08203654560110014,0.642 ± 0.082
F1 (0),0.7057973233055599,0.057622760200906044,0.04121797564338775,0.706 ± 0.041
F1 (1),0.6698259614951286,0.08634650594909588,0.061764277981350646,0.670 ± 0.062
MCC,0.38437479243159806,0.1330133147668855,0.09514538264381074,0.384 ± 0.095
Balanced Acc,0.690503003003003,0.06699957358775553,0.04792527783516435,0.691 ± 0.048
AUROC,0.7414391454042948,0.06360841662182475,0.04549955881828111,0.741 ± 0.045
