Metric,Mean,Std,CI_Lower,CI_Upper,Mean [95% CI]
Precision (0),0.6798837672734923,0.07598899044173094,0.6328916656845431,0.7215625837577057,"0.680 [0.633, 0.722]"
Precision (1),0.707940050790283,0.06637104973072529,0.6668498168498169,0.7448789954079719,"0.708 [0.667, 0.745]"
Recall (0),0.7394104630946736,0.06453950458315966,0.7016032479848269,0.7760008692903428,"0.739 [0.702, 0.776]"
Recall (1),0.6415955429113324,0.11468715096009882,0.5696492215900112,0.7036247431642167,"0.642 [0.570, 0.704]"
F1 (0),0.7057973233055599,0.057622760200906044,0.6708093096285829,0.7388608389471923,"0.706 [0.671, 0.739]"
F1 (1),0.6698259614951286,0.08634650594909588,0.6146858460545884,0.7155010508984789,"0.670 [0.615, 0.716]"
MCC,0.38437479243159806,0.1330133147668855,0.3007002451977384,0.45691560189924185,"0.384 [0.301, 0.457]"
Balanced Acc,0.690503003003003,0.06699957358775553,0.6482400821874506,0.7270676268373637,"0.691 [0.648, 0.727]"
AUROC,0.7414391454042948,0.06360841662182475,0.7046370152157848,0.7785775742848111,"0.741 [0.705, 0.779]"
