Metric,Mean,Std,CI_Lower,CI_Upper,Mean [95% CI]
Precision (0),0.7422663670457788,0.04236764085042726,0.7173339346133464,0.7667437120378297,"0.742 [0.717, 0.767]"
Precision (1),0.7116642291642291,0.04370870312505118,0.6867530054405054,0.7378278928278929,"0.712 [0.687, 0.738]"
Recall (0),0.693879405721511,0.059284879599657954,0.658829816658764,0.728668108898372,"0.694 [0.659, 0.729]"
Recall (1),0.7566342658447922,0.04443667934006576,0.731072684526632,0.7830734352773827,"0.757 [0.731, 0.783]"
F1 (0),0.7159449128066431,0.04097949825469517,0.6910969650326332,0.738995685797971,"0.716 [0.691, 0.739]"
F1 (1),0.7323841948889633,0.03208000944546486,0.7130371142168387,0.7505406701536499,"0.732 [0.713, 0.751]"
MCC,0.45221228028466587,0.07100849700198696,0.40926056887590384,0.4917591877857956,"0.452 [0.409, 0.492]"
Balanced Acc,0.7252568357831516,0.03560220241320108,0.7035019559032717,0.7451276770191244,"0.725 [0.704, 0.745]"
AUROC,0.801908167057527,0.039058455956199715,0.7790995169244634,0.8246713035937786,"0.802 [0.779, 0.825]"
