Metric,Mean,Std,CI_Lower,CI_Upper,Mean [95% CI]
Precision (0),0.7417575254203161,0.06848720382641578,0.7023251442559888,0.7826845522898154,"0.742 [0.702, 0.783]"
Precision (1),0.7222714964375652,0.07061964385703404,0.6815499591871542,0.7648569491543846,"0.722 [0.682, 0.765]"
Recall (0),0.7098862019914651,0.08661703216107552,0.6608108108108108,0.7625889046941678,"0.710 [0.661, 0.763]"
Recall (1),0.7487513829619092,0.07620345058479218,0.7060482851272326,0.7936826299984194,"0.749 [0.706, 0.794]"
F1 (0),0.7230950781438534,0.06380037698538868,0.6857440845063497,0.7611075026614201,"0.723 [0.686, 0.761]"
F1 (1),0.7330554642790277,0.058580330440982646,0.6987827672283985,0.7675110646426863,"0.733 [0.699, 0.768]"
MCC,0.46131819425076737,0.1214760664127136,0.38965808539054925,0.5330774135936293,"0.461 [0.390, 0.533]"
Balanced Acc,0.7293187924766873,0.0602916156598969,0.6939205982298088,0.7648487632369211,"0.729 [0.694, 0.765]"
AUROC,0.8222433671224568,0.03903273494583987,0.7993885119116273,0.8449286613249096,"0.822 [0.799, 0.845]"
